{
  "status": "PASS",
  "cases": 200,
  "max_n_or_m": 999473,
  "worst_exact_constant_ratio": 1.2332096638817098,
  "runtime": {
    "wall_seconds": 0.00704033300280571,
    "cpu_seconds": 0.006418000000000035
  }
}
